,track_id,date_added
0,6TodWdTSDfzwgYynTZSvJn,2022-07-09
1,3NLhkmfRnODa0Y0aNABHHy,2022-07-09
2,3A0AhF0HB1g0D6WPQjjr7h,2022-07-09
3,3uc8AGNL0KbvISIrjnfRvN,2022-07-09
4,7i1pavASRUZk62ejaUIESa,2022-07-09
5,3JJYIoJ5FyY9E0DGjr7SXF,2022-07-09
6,3K8tRD2Prik7FXbD8lZ6DC,2022-07-09
7,3afkJSKX0EAMsJXTZnDXXJ,2022-07-09
8,6dQ4nj3aDaw7WWlI7Rbj34,2022-07-09
9,3zYmgRWrpzivL2KQie5Nhq,2022-07-09
10,5MvtD41E3Zpb50g7yN297Q,2022-07-09
11,4TF240Qq2I1cr2Ysvfps4d,2022-07-09
12,0x68K3iDRHrtFl3YkH9bp4,2022-07-09
13,7bArHtZfdq7MZbsjMyun9S,2022-07-10
14,7kyupZQftQDUUxlATGGmOe,2022-07-10
15,2IgbYlOlFpiSFYnsqB39lM,2022-07-10
16,6ZzYETKetIfNUsZUb23jgG,2022-07-10
17,3QyoC6OvQUmpQwQZ18iaTs,2022-07-10
18,5q3LwAHTqo9d3rET2EA9Nq,2022-07-17
19,4URdynWUR50mXggi06ilrJ,2022-09-17
20,0DHISZzH1hcWwvkyksg6uu,2022-10-06
21,4ShxDU7CHNQVi2wwgSdqfF,2022-10-06
22,3T03rPwlL8NVk1yIaxeD8U,2022-10-06
23,0fWumcFAyiznjreNIXlfm6,2022-10-06
24,7DgkSYT6vh3UAYQlFbsj6z,2022-10-06
25,4WwfMajCmOe3ApD9eF5B15,2022-10-06
26,1tkg4EHVoqnhR6iFEXb60y,2022-10-06
27,1cOyWWUr3oXJIxY0AjJEx9,2023-01-29
28,3ciqhcLmXP4hVGBD98QlEj,2023-02-05
29,3TgMcrV32NUKjEG2ujn9eh,2023-02-20
30,1NzRZ7AosK7ZDumMsZYofo,2023-02-27
31,18uwL0vNUanqZH0ro2QcOP,2023-03-15
32,2CVChktEKBsM6v4IfdFU5k,2023-03-15
33,0rbKrBvZUYY9GN9l057BuY,2023-03-15
34,2ZwIO3ufWLFYxtEoam9ydu,2023-03-28
35,0VF7YLIxSQKyNiFL3X6MmN,2023-03-28
36,1Ey7PyLGNxvJNvzrxPMLMV,2023-03-28
